KcatID,Kmax
k#Zn2tex,65.02550460767479
k#METSOXR1,139.06341857430246
k#FACOAL180t2pp,9.005482971867645
k#NTD11,103.96972046844856
k#UAGCVT,3.3000000000634078
k#ALAGLUE,33.921434008767456
k#NTD8,29.851960037796474
k#ACGK,18.968182350261333
k#DHAD2,138.99999999999997
k#SERAT,84.36152069647865
k#AMPN,82.59212365520297
k#DAGK181,14.330806221750418
k#AGM4PApp,10.771578993322382
k#SGSAD,18.578760744542347
k#GMHEPAT,7.491632203058589
k#FE2abcpp,65.00000000012463
k#Kt2pp,65.00885707655783
k#CO2tex,354.7336529339122
k#KARA2,6.318576697947211
k#FEOXAMabcpp,65.0951805457614
k#3HAD121,20.030829112976907
k#QMO2,10.790313837468968
k#PAPSR,100.85440102776225
k#ACKr,154.9334268470688
k#UPP3MT,0.11226452782483627
k#3HAD161,20.030829112977315
k#NADS1,0.4123140911058566
k#NI2tpp,65.24965180604612
k#TYRL,0.0143369406308285
k#ASNS2,19.00000000000883
k#KDOPP,80.8078131963761
k#PPCK,60.74375174203311
k#ETHAAL,71.13396788222623
k#UPPRT,8.99468052267482
k#PGL,588.7476298751442
k#FE2tex,74.37644744656708
k#CD2abcpp,65.00000000000138
k#HSDy,56.62368742410487
k#ACLS,103.21728524230905
k#G5SD,21.339398181635865
k#GLCDpp,246.64119446266406
k#GLCS1,21.120249628026723
k#SPMDt3pp,65.00083784929659
k#LALGP,17.625361831077793
k#SERD_D,116.889229924384
k#DXYLONtex,65.00168268228605
k#AP4AS,32.67183314361357
k#FEOXAMR2,7.123018220148731
k#3OAR120,50.85309601381905
k#GAPD,34.499590033042644
k#PROt2rpp,79.48769708405491
k#UAAGDS,8.000000000035172
k#GLYK,53.90701628960251
k#PLIPA2G180pp,10.560102032045462
k#ORPT,25.72489540942861
k#TDPDRR,2.2656516753947047
k#ASPtpp,108.14823227911272
k#GLBRAN2,136.49086455686194
k#SOTA,27.059764268937027
k#PGP181abcpp,66.85442964176485
k#GLCP,28.752617996605014
k#NTD2,84.49885173029891
k#DURIPP,12.599190710375842
k#3HAD181,18.92251766752525
k#LPLIPAL1E120pp,16.52009667915785
k#ARGSL,11.000000000015042
k#FDH4pp,259.11829950219914
k#NNAM,4.894974188873305
k#G3PAT161,37.81780170419822
k#FE2t3pp,151.12869888708065
k#RNTR3c2,11.797293306303734
k#GND,81.53138971006827
k#ACPPAT181,11.568472122466597
k#MLDCP2Bpp,9.97927028717107
k#AGPAT180,42.74996808750874
k#3PEPTabcpp,13.26700486773061
k#KAS14,20.642232399540575
k#IPPMIb,96.76659990300261
k#3OAR140,48.99011478526482
k#NDPK2,48.95031290740218
k#SDPTA,17.593970594683277
k#ILETA,34.08890689733929
k#AMPTASECG,12.190293026694079
k#PPA,468.522497881017
k#DHQS,77.97468876567555
k#AGPAT120,44.209517141058356
k#ACCOAC,99.27348768838554
k#ZN2tpp,65.00149491794477
k#HISTD,3.345384395579785
k#SPMS,2.0920437450667175
k#PIt2rpp,65.13199632744468
k#ADSS,3.3000000000003222
k#FACOAL120t2pp,8.326399888816518
k#ALR4x,9.353619592719195
k#THRD_L,77.92444266492056
k#FLVRx,6.272750246254725
k#LGTHL,131.52206541993152
k#TRE6PP,13.240051741324688
k#PRAGSr,20.000000000000714
k#GLCabcpp,88.43370619258809
k#CGLYabcpp,65.00010287023296
k#ATPS4rpp,890.4380623355671
k#PGSA181,5.074588575729768
k#3OAS121,15.174834866206233
k#A5PISO,37.59524727962422
k#CHORS,59.424736329999405
k#PYDXNK,17.887198642650226
k#PPBNGS,1.7337612175292734
k#SUCOAS,34.83313250491257
k#CA2tex,65.38762777437344
k#PE161abcpp,66.54660998028957
k#UDCPDPpp,56.74385635633246
k#TMPPP,0.021425883332457197
k#GNK,124.50959871470504
k#NAMNPP,3.82995580566594
k#RPE,491.64173689005224
k#PGAMT,3.9596395917474956
k#SSALy,295.5619784034203
k#HSST,8.539119419050452
k#ICHORS_copy2,32.02914800042081
k#PSD160,15.036424867974281
k#TRE6PS,66.15117720877947
k#I2FE2SS2,3.3016595624170813
k#GTPCI,0.00908518444447114
k#PROt4pp,134.41022553186002
k#IG3PS,16.05208134661216
k#EAR121y,20.500592525812788
k#S7PI,4.750096628548001
k#O2tex,501.9287732137807
k#DHBS,2.519247383757832
k#FORtppi,117.53602358587911
k#PPNDH,21.184845728534416
k#CYTK1,44.3874684745015
k#PTPATi,1.3488246216665212
k#UHGADA,21.290415706714796
k#Htex,577.9717495971164
k#UDCPDP,36.06973012408625
k#NDPK3,26.779790890114565
k#SERASr,1.13437753238465
k#ECAP3pp,7.481872998524186
k#GGGABADr,12.407445550029534
k#NTP1,9.235966126488142
k#GSPMDS,110.8729478611338
k#AIRC2,154.00000000000003
k#DAPE,86.63291846675665
k#PSD181,3.105108134898558
k#OMPDC,58.991062829313826
k#NNDPR,0.4600000009778837
k#SUCDi,385.6913987486445
k#EDTXS1,12.075710010971791
k#3OAS160,19.461642876380807
k#3HAD120,15.913970705646152
k#IMPC,10.159346706699495
k#HACD8,78.26529833236806
k#DHPS2,0.3712291729945712
k#FUM,888.9912144295882
k#HEPT4,6.862581807345906
k#EAR181x,18.262964018575136
k#ECAP1pp,10.20636705250016
k#METS,7.9497878356279665
k#FEROpp,4.082546719094063
k#PGSA180,23.258630635709537
k#UAGDP,60.585376042372694
k#GLCTR3,12.216476203538187
k#CTECOAI8,77.08843355945221
k#CS,72.07847713512813
k#FACOAE180,30.776684413697996
k#3HAD60,17.002507286906393
k#SADH,20.534657486096574
k#HEPK1,9.802180609949788
k#SERtex,216.06185081856103
k#PPCDC,0.25952697141625575
k#G3PAT120,34.75093633817898
k#RHAT1,21.07728056688533
k#PRAIi,5.533245128257012
k#ICHORS_copy1,5.302363822788849
k#MEPCT,13.969494041964307
k#VALt2rpp,65.00000000001282
k#3OAR181,32.79799319573047
k#HMBS,0.21412678899927637
k#METAT,0.32055998769226823
k#GLUSy,75.63464151146297
k#GLCptspp,65.00000000007529
k#ACOTA,8.341869427648218
k#4HTHRK,3.347380157986717
k#3HAD160,18.776478427412385
k#ACONTb,44.07047055815909
k#UAG2E,14.91261718819087
k#ADCS,6.734393513965678
k#GART,4.0769875037867065
k#PPK,3.118327046207825
k#EAR140x,16.752986939867156
k#THDPS,2.4000000000415587
k#PPGPPDP,29.233567584355097
k#ADSK,85.07205348588728
k#MG2tex,65.6440797897925
k#EAR141x,20.450845729937413
k#I2FE2SS,3.3027555385676752
k#EAR80x,34.490197577745256
k#HEPT2,5.223292960622384
k#ILEt3pp,65.47876916331154
k#GTHS,0.0165967054233192
k#ALAR,6.382497451532672
k#HSTPT,11.028055453086397
k#NDP3,25.60459574718675
k#MLDCP2App,9.97927028717107
k#PUNP6,34.233765113155215
k#CHRPL,1.8883360263219875
k#EDA,2155.900288322915
k#G1SAT,0.34281160083594003
k#PSSA181,1.4840086035192992
k#ME1,517.5781058800258
k#GLUTRR,27.33549332569402
k#IPMD,9.643574929721911
k#PRAIS,14.583030109975118
k#GTHPi,17.840185954934388
k#UREAtex,128.80753518329
k#AGPAT160,136.14791679154084
k#TDSK,31.62188046673153
k#APG3PAT181,9.111225715400796
k#UAMAGS,29.000000000011937
k#ADPT,9.94959455216948
k#NADPHQR3,78.97236442419334
k#TDPDRE,7.3781186833788
k#I4FE4SR,0.011359717623223
k#PFK,278.00000000000085
k#AP4AH,63.413098629411124
k#HACD6,67.90627927669662
k#ATPPRT,3.7544744729367556
k#FRD3,193.95833458613112
k#DAAD,0.7166002694606145
k#TRSARr,41.62770910230838
k#DHAPT,44.351669172689185
k#PAI2T,5.886654617381866
k#AGM3PApp,11.100445406385353
k#CSND,24.28451762729912
k#MGSA,976.5505065071663
k#GGPTRCS,17.039758087586836
k#PSD120,13.156629899647877
k#DURIK1,22.409794280638586
k#GTHRDHpp,14.625175789887702
k#3HAD80,16.97420452874233
k#AACPS2,14.551137390064408
k#MTAN,1.500055854436297
k#G1PACT,60.58537604237271
k#CTPS2,10.999986472331235
k#ASAD,11.66457737435534
k#G6PP,0.00208115513686405
k#GK1,88.7534829936529
k#PDXPP,7.432440396203443
k#GGGABAH,91.74951964709255
k#S2FE2SS,5.290799314367714
k#KDOCT2,2.1
k#ECAP2pp,7.481872998524186
k#PGM,193.52395268817858
k#G3PD2,108.58802777977456
k#DHPPDA2,13.505769527121277
k#3OAS60,20.642232399540557
k#PE120abcpp,65.6472704252867
k#GLNS,69.58085681908545
k#FMNAT,0.9121229113690666
k#ADMDC,3.233773364100815
k#ENTCS,3.452013910574433
k#3HAD140,14.00743225968679
k#PAPA181pp,24.66440762107219
k#SHK3Dr,28.986009158856145
k#GHMT2r,7.972958938308297
k#GLYCK,35.35991868674308
k#SO4tex,106.0607457791267
k#CPPPGO,2.2735813534200697
k#DGK1,22.037765261971195
k#CBMKr,33.04424978194888
k#DRPA,2.7548398489981767
k#APRAUR,13.505769527121277
k#DXPS,1.1000000002655743
k#SO4t2pp,65.15180755792228
k#PPND,22.000000000004437
k#3HAD141,20.030829112966376
k#UPPDC1,0.405
k#HPPK2,0.4972310917743441
k#U23GAAT,33.55755672891469
k#3OAR100,68.80474898840431
k#G1PTT,18.843438782766146
k#NDPK7,7.278862956764592
k#PRAMPC,22.00000000000555
k#SERt4pp,65.00000000000041
k#NDPK1,66.17410673046064
k#FE2t2pp,65.00000000000036
k#PMANM,8.822357918055117
k#PANTS,0.028018770915741783
k#POR5,14.606777146508385
k#3OAS161,15.174834866206227
k#G3PAT160,49.594661030546206
k#GTPDPK,18.895459459711105
k#LDH_D2,44.855396876982546
k#ASPO3,4.754122672760103
k#DPCOAK,1.3346660932204655
k#TRPS3,88.83515615989762
k#GLCtex_copy1,512.7396133900307
k#PPNCL2,0.25952684874106535
k#ECA4OALpp,17.65819779990093
k#PHETA1,15.514814915381711
k#ASPt2_2pp,65.00000000000004
k#AHCYSNS,0.5147543502631571
k#OCBT,24.021669227785022
k#GMPR,21.046121429868823
k#PROD3,133.58076458286135
k#NTPTP1,19.173019517600242
k#URIK1,28.201025140056142
k#QULNS,0.7242806623302601
k#PE160abcpp,65.84424132414331
k#GLXCL,80.91102545925646
k#ACPPAT161,17.302907813426046
k#UPP3S,1.4784148713807543
k#UM3PL,11.57516510382481
k#3OAS181,2.1722479199933638
k#3HAD40,16.97420452874233
k#PRATPP,22.000000000005546
k#MOAT2,59.00058709666045
k#GLYCLTDx,180.04083333557045
k#AACPS3,15.32202398941134
k#AMPMS2,0.006999999999999999
k#S2FE2SS2,5.290799391399378
k#CLtex,65.38762777437344
k#GLYOX,2609.2679470322296
k#TRDR,55.740261347996125
k#PSSA160,19.34363676672457
k#CD2tpp,65.12724821577078
k#PPS,195.85687855368178
k#S4FE4ST,18.180083083722405
k#3OAS141,15.174834866205407
k#IPPS,10.000000000101343
k#DHDPRy,35.4375
k#GMHEPPA,23.62004131842692
k#PG180abcpp,65.60396520533784
k#HEPT3,12.139561069917159
k#3OAR80,68.80522844733223
k#RBFSa,2.088517664631868
k#GLDBRAN2,183.17719825074644
k#ADNCYC,71.70253480027034
k#PItex,119.16772284368469
k#PSERT,47.443412671549964
k#ARGDCpp,30.626599729753963
k#GLYOX3,75.01984832501182
k#AGPAT181,12.066525233869948
k#ASPT,144.27247588757805
k#FACOAE161,52.92613258770478
k#CU2tex,65.00448530114367
k#CDPMEK,4.086810703977784
k#ICL,36.82362767146928
k#PGMT,129.56118297645907
k#KARA1,28.40943644427461
k#AIRC3,51.936939833556174
k#GDPMNH,10.450700479160313
k#TDPGDH,13.570580697750401
k#DDPA,31.136053364384704
k#UAMAS,14.0000000000414
k#PDE1,28.16495748990622
k#FEENTERtex,65.08126239498084
k#K2L4Aabcpp,65.25836651512944
k#NH4tex,161.26452382103244
k#SHKK,33.04398153220914
k#ICDHyr,10.356960930276745
k#UACMAMO,14.876312963274914
k#CYTK2,21.448359848438443
k#NTPP3,9.356329109705698
k#PHEMEabcpp,65.00001656557288
k#TDPAGTA,25.280867584584126
k#GLUt2rpp,77.3564984184044
k#3OAS100,20.64223239954095
k#THIORDXi,26.708176030842257
k#DASYN181,54.306760065645534
k#ANHGMtex,90.0095507009766
k#DHAD1,420.0000000000003
k#MOHMT,0.058172712996001553
k#UMPK,41.56704325850655
k#LIPAabcpp,29.687921067249906
k#MCTP1App,5.0810168178141994
k#AGPAT161,160.0891286208762
k#HISTP,6.072565937446901
k#HEPK2,12.925665684191333
k#MECDPS,3.3903531760793304
k#NTD3,82.0134726247941
k#PPM,11.552102898336473
k#AICART,11.884702678678991
k#USHD,16.644956981530576
k#3OAR160,33.1873741831254
k#THRS,28.646008549982316
k#OAADC,38.520164081595006
k#4PEPTabcpp,12.201287347703516
k#3OAR40,68.80522844733224
k#PDX5PS,1.4819500959831526
k#CU2tpp,65.0065175973318
k#GAPP,91.43339527528738
k#GLCP2,19.074725985613675
k#ENTERES,13.59243361202704
k#ASPO5,2.3252737651337934
k#PAPPT3,70.00000000001775
k#MTHFD,205.44920792980304
k#ALKP,22.439491914895157
k#ACODA,25.917657353075
k#IPDPS,0.8880638785511861
k#PPC,58.21875000000001
k#GARFT,112.00000000132364
k#ASPt2pp,36.596792259212435
k#GTPCII2,6.159445695271586
k#APG3PAT161,8.154575310632245
k#LPLIPAL1G180pp,9.387161922497382
k#PSSA161,21.71280016693569
k#MDH,24.3
k#AGPR,7.747407521616342
k#ADPRDP,5.545855737040035
k#EAR40x,34.49019757774526
k#HEPT1,15.579233715020122
k#ACACT6r,44.54901925984485
k#ACGS,227.98391339066876
k#PE181abcpp,66.27037722648059
k#EAR160x,12.544672968529461
k#S4FE4SR,11.511867017998679
k#ADSL2r,27.25240915041815
k#DASYN161,119.04922075459892
k#ASP1DC,0.07000000660902857
k#RBFSb,6.2157517512492655
k#KDOPS,2.511029645193345
k#3HAD100,16.97420452874233
k#CYTDH,11.446689604997424
k#DSERDHr,35.48162006996978
k#EDTXS2,4.268089391698991
k#ECOAH8,50.30929047884421
k#FCLT,3.3951215965175896
k#UREAtpp,170.21798824725514
k#ALDD2y,114.8920093424854
k#NTD4,56.17559504208646
k#MCOATA,60.91734258633573
k#TKT1,107.77936539890747
k#ICYSDS,0.0215920627931895
k#AACPS6,20.125655675459775
k#GLCTR2,18.002241876990308
k#5DOAN,0.46001339808233405
k#ACONTa,52.82987393897347
k#MOAT,59.00058709666045
k#SGDS,17.34982647844717
k#GTPDPDP,31.056346046202822
k#TREH,18.33773925984955
k#G6PDH2r,163.67872983539823
k#GLUCYS,0.0165119707806824
k#GTHOr,12.98094289467407
k#GLCt2pp,267.806471421125
k#PSCVT,20.955707247745124
k#BPNT,84.84512573454029
k#DHQTi,58.938299437142064
k#NDPK4,12.41379683062167
k#GLUt4pp,130.50891382214473
k#TPI,193.90657254449036
k#PGPP181pp,43.860284664031134
k#GF6PTA,6.406970779215129
k#INSK,46.1812912675517
k#NI2tex,65.024158710115
k#SERtpp,86.10166313189303
k#ASPCT,32.357617120783026
k#SHSL1,10.000000001358545
k#DHFS,0.2300000012239074
k#IMPD,4.92558580862822
k#GLUPRT,61.000000000000135
k#4PCP,17.9131183641197
k#PFL,143.36527565828823
k#HBZOPT,0.5724323588484312
k#ALR2x,11.076546963211337
k#ARGAGMt7pp,83.05350996166383
k#OCTDPS,1.2877268873766674
k#PMPK,1.125
k#LADGMDH,38.18124452816469
k#AGDC,30.593183902519993
k#DHDPS,37.125
k#PGK,17.124399587020235
k#ABTA,106.12070467917567
k#3OAR60,68.80522844733228
k#PLIPA2E181pp,13.763093692170807
k#EDD,362.345931864703
k#ANS,17.259080876783916
k#TMDS,7.400000000041308
k#PETNT161pp,20.174447887847517
k#P5CR,32.000000000011894
k#AST,14.021345527463899
k#GGPTRCO,13.030190035982894
k#PPPGO,4.989725905380555
k#DHFR,5.597494704181498
k#GLCNtex,568.7903382007581
k#PSD161,16.729137706357193
k#ACOAD7f,141.1723094849867
k#3OAS140,18.03694641747136
k#MNt2pp,65.0000000103355
k#MNtex,65.05166627904542
k#F6PP,28.314359743563962
k#SPODM,28.67828473722206
k#RHCCE,0.0156143146075014
k#HCO3E,58.01554494302642
k#3OAR161,39.95364379930389
k#GLUTRS,0.15317401503650574
k#PPPGO3,0.7147545614972036
k#ALATA_L,54.4697567326101
k#ACHBS,48.29344959228009
k#SPMDtex,65.0037700989697
k#HSK,151.86864233519356
k#SERD_L,84.37589115824626
k#PUNP4,1.8526497236772792
k#PSSA120,15.275924088755243
k#DXPRIi,3.3000000002725907
k#G3PAT180,34.8722947752922
k#GALUi,5.912591105347938
k#LYSt3pp,68.8848937118194
k#UAGPT3,17.00000000002392
k#FACOAE160,45.42312545258482
k#GLCTR1,17.765368216769847
k#AGM3Pt2pp,10.222469578219782
k#AACPS4,14.021491140136376
k#LPLIPAL1E181pp,16.319453808455805
k#GLYC3Pt6pp,65.00039725270608
k#SHCHF,0.3400000000410261
k#PRFGS,14.000000000002995
k#PYK,122.42590173010932
k#ACS,16.51901839253923
k#MDH2,449.39842206424566
k#GPDDA2pp,40.89100675114123
k#GLCtex_copy2,578.9932217513524
k#ARBTNabcpp,65.93111540266332
k#SHCHD2,0.3400000000410261
k#ADCL,16.50328860623537
k#MPTG,14.268920499774666
k#FBA,103.69566530683969
k#IPPMIa,48.45209633438577
k#GUAPRT,11.317400122918936
k#TDPADGAT,52.83245807885267
k#CAt6pp,65.00000209957102
k#DASYN141,35.35644647279665
k#DHNPA2r,2.9393669893895598
k#12PPDRtex,72.94284352867507
k#GMHEPK,7.491632203058489
k#ACM6PH,47.69135827315525
k#LYSt2pp,65.00000000034481
k#XPPT,9.023451445026982
k#I4FE4ST,3.3963076367082725
k#ENLIPAabctex,65.00368788906512
k#RNTR1c2,16.645649137986776
k#SADT2,25.609690718703632
k#ACPPAT180,37.17796461480447
k#MG2uabcpp,65.00000000000112
k#GLCNt2rpp,91.92336828994127
k#PYNP2r,9.906251082187882
k#NADH9,26.895628055087567
k#DCTPD,4.3162861985391805
k#DASYN160,130.4920897247416
k#EAR60x,34.49019757774525
k#FRD2,190.25561085036315
k#TALA,72.51737614375185
k#FEOXAMtonex,65.53808668920259
k#2DDARAA,5.216545020898141
k#DASYN180,40.010501263828296
k#ICHORT,0.5645505348610421
k#CHORM,23.95901214104849
k#NADK,7.520551369014563
k#NTD12,43.525107872908805
k#DHORD2,38.53068054627143
k#DASYN120,31.850754052326415
k#GLYCtex,72.54115976089221
k#ARGSS,7.162642279175882
k#CYSS,39.74695081293445
k#GALT1,9.14369238941003
k#AADDGT,20.29964742314657
k#PPA2,49.61958756475177
k#FEENTERtpp,65.01069101213402
k#FE3tex,136.99312791591424
k#GTHRDabc2pp,65.00000154344612
k#5MTRtex,65.40334553542654
k#AM3PA,19.468666631701403
k#GLUDy,184.78042086714885
k#FACOAE141,32.07139782886362
k#EAR120x,23.98305312646107
k#FMNRx2,5.607902719593803
k#DCYTD,12.624837908008535
k#POX,80.05412126534813
k#ILEtex,158.61840790382095
k#EAR100y,26.287887980307236
k#RNTR2c2,13.416482124163597
k#IGPDH,6.072565937446803
k#SCYSDS,17.865096900904778
k#TYRTA,13.714185225332626
k#AGM3PH,6.099014175244345
k#PGI,129.9446855660454
k#UAGAAT,18.819889500673625
k#TMPK,0.34500000000000003
k#RBFK,7.0268508980501165
k#PRMICI,13.480057751309115
k#ACACT8r,8.831588539769548
k#ME2,122.99357312482677
k#LEUTAi,48.47084207739411
k#GLYCK2,47.667337773824094
k#ANHMK,17.33676408953567
k#ALAALAabcpp,65.01738192580858
k#PAI2I,3.7415564010003806
k#FESR,23.259646674755896
k#ACGAMT,28.467388078954006
k#SULR,59.894992254300206
k#GLGC,25.662454444905524
k#GSPMDA,118.34906933864407
k#ALCD19,54.379384935527234
k#PRASCSi,5.66087873610078
k#ADK1,46.458615278806214
k#LPADSS,52.00113952674034
k#DAPDC,55.70099745538562
k#MECDPDH5,3.8587840563087323
k#PNTK,0.2700000016185533
k#PLIPA2E120pp,20.717651340565645
k#VALt3pp,68.54877159020691
k#ACOATA,27.499644962334106
k#R15BPK,28.469987084554496
k#MTHFR2,3.7201121792641185
k#PTAr,326.2981422455069
k#GLYCTO2,94.75588933395397
k#GLYAT,37.267074012361185
k#CLPNS181pp,2.7650659123480206
k#DTMPK,18.002819245320303
k#MDDCP5pp,12.826414107553356
k#GPDDA4pp,18.528290439066453
k#NAt3_1p5pp,143.2188925542891
k#TRPS2,90.37690898590527
k#NNATr,5.4501881737137685
k#CYTBO3_4pp,366.1019310912956
k#T2DECAI,11.263467649992386
k#RBK,20.246502730690473
k#ECAtpp,30.176921276860643
k#DXYLTD,10.037393214548464
k#TKT2,140.44366674491047
k#IGPS,5.533245128257012
k#CLt3_2pp,65.00000209957102
k#FTHFD,326.5168222968653
k#PDX5POi,0.03000001417745996
k#ACMAMUT,21.729045055316195
k#CYSTL,16.22782741998875
k#DPR,1.2199302962461
k#MLTGY3pp,7.623448331383458
k#PRPPS,28.010352922647346
k#VPAMTr,119.39439821720086
k#3OAR141,40.055115831660785
k#3OAS120,18.928437802194324
k#ANPRT,5.000000000006182
k#COLIPAabcpp,1.6931998020021064
k#DHBD,10.441768802235062
k#DMATT,0.5880386934060826
k#GMPS,21.67420202175492
k#HEX1,305.067211620742
k#UGMDDS,16.00000000004637
k#DALAt2pp,64.99999999999999
k#ECA4COLIPAabctex,65.00207605151438
k#HEX7,70.67469878989641
k#PMDPHT,3.7842583238048895
k#RPI,416.36357434098556
k#DNTPPA,3.453438883317236
k#AGMT,13.34793999290474
k#GRTT,0.5880386934060827
k#ACGAMK,25.342969007949282
k#ALAALAr,171.89805456716388
k#DAGK161,20.11226687966597
k#CTECOAI6,59.20963462177547
k#NTPP10,13.496377211573774
k#FACOAL181t2pp,11.826978363448228
k#RFAMPtpp,65.0004248367669
k#IPDDI,6.6774933882786245
k#APH180,4.23399365117733
k#MLTGY2pp,8.02941268953295
k#THZPSN3,0.1508312747929711
k#K2L4Aabctex,65.00076806624743
k#G6PDA,20.817747432274597
k#PSP_L,2693.1406820106736
k#DUTPDP,5.788332147919868
k#ASPK,158.96601634320731
k#3OAR121,40.055115831660764
k#ASPTA,12.147696010103092
k#NDPK5,5.732722300613611
k#PGCD,54.544766601306115
k#AI2K,3.68123252106388
k#GCALDD,0.8439389418688366
k#CDAPPA141,12.622473376321496
k#DB4PS,13.026893307102014
k#ALAt2pp,65.00000000052258
k#GDPMNP,91.58723978548296
k#GLU5K,50.972484208305396
k#SDPDS,428.0000000000002
k#3OAS80,20.642232399540415
k#CTECOAI7,74.35251112770065
k#MOAT3C,18.869261825659503
k#LSERDHr,47.99216140956892
k#THRD,30.11043699480029
k#ECOAH6,50.09673275351965
k#PGPP180,39.3259053720386
k#GLUR,33.48694189761031
k#HXAND,11.691058073136219
k#2MAHMP,15.18529214190275
k#MTHFC,205.44920792980298
k#4HTHRA,13.913734280411386
k#Ktex,77.58780651608332
k#EAR161x,20.450845729937413
k#OPHBDC,3.3093733635796783
k#MAN1PT2,17.454776554066072
k#ADSL1r,28.25840271811668
k#UAPGR,43.000000000015866
k#ENO,58.18487617213951
k#PPM2,8.83816330053295
k#DHORTS,9.666119217170845
k#AGMHE,4.81791392832011
k#ALAtpp,66.41411572473892
k#NADH17pp,249.1240410758069
k#GLYt2pp,65.00000000000182
k#GMPS2,8.0763582880101
k#LPLIPAL1A181pp,16.319453808469326
k#MLTP3,6.321009935800726
k#ACOAD2f,141.17143686603418
k#HACD3,70.79625237871242
k#FBA3,29.2711483800445
k#DAGK140,5.935122578488488
k#HACD2,62.93603030642935
k#PTA2,11.258138844308993
k#PA181abcpp,65.68823812765643
k#2AGPA181tipp,65.0001214416136
k#PHEt2rpp,65.0000000000165
k#ACACT4r,49.36907652931361
k#VALtex,180.05646360505304
k#ACOAD6f,177.84460019173426
k#MN2tpp,65.00001657534858
k#HIStex,85.88073487558819
k#OPHHXy,7.725668307695573
k#AGM4Pt2pp,10.231699048573132
k#ECOAH3,58.87476054585793
k#EAR80y,29.07034017899761
k#PFK_3,108.16924450474887
k#LYStex,146.98854098465827
k#PPAKr,22.988336187412436
k#PPCSCT,33.50760494550461
k#RNTR4c2,3.79717297857805
k#HACD1,62.89489856818488
k#ACOAD3f,177.06525905882583
k#GLYtpp,103.74048183601717
k#HISt2rpp,65.00000000000549
k#HACD7,64.84354331133798
k#KAS15,12.667711652945048
k#FEOXAMR3,6.010046623242499
k#HACD5,70.68499866761586
k#PAPSR2,18.43961868766652
k#FLVR,2.324315137730225
k#H2Stex,70.014918512318
k#PUNP3,7.463313742244425
k#PG181abcpp,65.57491380171156
k#FMNtex,65.0022710833786
k#EAR161y,24.918733930074794
k#QMO3,39.934236516411964
k#G3PAT181,13.988499134030768
k#EAR141y,27.950616154917633
k#NTPP7,30.327303762877467
k#ACACT7r,33.553575352532164
k#PLIPA1A181pp,10.753799669505126
k#ACOAD4f,141.17143686603418
k#PLIPA1G181pp,10.753799669505105
k#GLYCLTDy,153.06629461630192
k#2AGPGAT181,9.119992502717917
k#ECOAH7,51.55173619341987
k#ECOAH4,59.46865352246608
k#GSNK,23.249512931098064
k#THD2pp,84.24117449590585
k#CAT,106.72837251531344
k#PHEtex,86.32021256687973
k#HPYRRx,98.07363070436519
k#ACOAD5f,178.09772083829645
k#LPLIPAL2A181,78.69203493125391
k#HACD4,69.59758677143199
k#APG3PAT160,10.413802774382368
k#MDDCP4pp,7.710864582721333
k#ECOAH2,45.19994317278393
k#ADA,33.054135746069406
k#FMNt,65.00025234818642
k#PUNP1,8.346917975932131
k#ACACT2r,50.20009773696894
k#LDH_D,68.65224292490397
k#GRXR,15.50689037337374
k#INSt3pp,65.00455078912336
k#INDOLEt2pp,65.0
k#ACCOAL,30.26369358379049
k#4ABZGLUtex,79.20342832302212
k#INDOLEt2rpp,125.62336783002874
k#SUCCt2_2pp,65.0
k#4ABZGLUH,35.4174973887101
k#G3PT,37.67144997558562
k#ACACT5r,40.73418948460643
k#COBALT2abcpp,65.00062276744951
k#ECOAH1,43.280980762211776
k#ACACT3r,40.79584743498984
k#EAR40y,26.914460467043885
k#INSH,9.5613609924812
k#COBALT2tpp,79.45462717294347
k#4ABZGLUtr,65.00096889371281
k#INStex,65.0
k#MLTG5,1.504340593130251
k#SUCCt1pp,121.89070835306832
k#PAPA140,16.979823856482124
k#TRE6PH,14.913200461965184
k#ACOAD1fr,19.972113810317772
k#THRA,25.37589316931193
k#EAR181y,21.324010803181068
k#MDDCP3pp,6.471950662818925
k#GDPDPK,19.97250266742408
k#ACACT1r,47.93565519772987
k#CYTBD2pp,77.73156646888792
k#ECOAH5,58.87873369753351
k#FADRx,303.0000000247572
k#HPYRI,81.15589918487376
k#EAR140y,23.148694641941983
k#ACPPAT160,24.82055572158564
k#AGM4PCP,8.95655918205985
k#2AGPG181tipp,65.0003996073041
k#PLIPA2A181pp,20.183689562936507
k#MLTGY1pp,7.646710757859513
k#LPLIPAL1G120pp,15.185892803640554
k#MN2t3pp,65.3712881944033
k#ASPO4,1.9231600021336355
k#MLTG3,9.473511410139274
k#DADK,13.176984828298501
k#DMPPS,0.14808887362715925
k#PERD,0.02
k#AGM3PA,12.746625544473535
k#EAR60y,22.68144473176064
k#FA141ACPHi,32.2022536372637
k#ACPPAT141,37.12891278922416
k#NTD6,82.4858564965941
k#NADDP,5.431321499806401
k#ABUTD,53.014621624213945
k#AGMH,7.67472693091798
k#THMDt2pp_copy1,64.98482928546638
k#NTPTP2,28.030353773456476
k#LPLIPAL1A120pp,16.31945380845715
k#F6PA,118.80336226863477
k#G3PEabcpp,65.00385552164474
k#GLYCLTt2rpp,69.11540401973946
k#ARBabcpp,65.09425481944973
k#THFAT,6.304263639859715
k#AGM4PCPpp,12.816845440230273
k#NDPK8,11.633603090152638
k#PTRCTA,51.56267147611773
k#CDAPPA181,15.29398865146097
k#PA120abcpp,65.22333709486867
k#EAR160y,16.860593544858094
k#PGPP120pp,33.373175895444966
k#MDH3,106.58640643893952
k#DADA,33.05414250941992
k#GNP,43.35671653428045
k#FOMETRi,73.63204442914738
k#ACOAD1f,7.191992272326434
k#PPK2,6.23665409242238
k#INDOLEtex,90.1232194957814
k#SULabcpp,65.09120813711289
k#GPDDA4,14.469934384555126
k#NTD7,132.4709008954485
k#FE3HOXabcpp,65.53683366201888
k#HPYRRy,97.27284002233219
k#UM4PCP,17.913118364119704
k#TDP,21.626929960413694
k#EAR100x,23.983053126461076
k#AGM4PH,4.537048524237866
k#GLYCLTtex,188.7066259261257
k#CYTDK1,4.890724705456309
k#GLYC3Pabcpp,65.00604613801812
k#APH141,5.6453248682364405
k#URIH,12.369037207933262
k#NADH10,11.049279073957967
k#THMDt2pp_copy2,65.79643469581319
k#GUAD,18.51517134622245
k#NTD9,56.13656286889981
k#PLIPA2G120pp,5.376899834734549
k#PGP120abcpp,64.91145555378915
k#CPGNabcpp,67.71327121848842
k#GPDDA2,14.475436011195825
k#TRPS1,55.32012035381151
k#ACALDtex,90.73567234014186
k#NADPHQR4,163.1290678509928
k#TRPAS2,94.81446898633561
k#NTPP11,13.4963772119321
k#CPGNtonex,77.09764776249345
k#PLIPA2A120pp,22.19018737020478
k#UM4PL,7.798828687868991
k#ARBt2rpp,65.0
k#OHPBAT,0.00167803910640036
k#PETNT181pp,17.106211388139364
k#3PEPTtex,76.72893817664786
k#G3PGabcpp,65.0012304733379
k#MLTP1,14.676213037995133
k#E4PD,0.6463003747631004
k#FE3HOXtonex,68.43456400231648
k#PGSA120,11.336312267153483
k#AM4PA,11.330333817309809
k#D_LACtex,181.15488775768344
k#FE3DCITtonex,65.70874172208272
k#ASNS1,6.360662346649627
k#FE3DCITabcpp,65.07819862777897
k#THRt2pp,65.39194805895183
k#G3PAT141,34.85632069671133
k#FMNRx,5.9805808446255995
k#ACALD,157.91575461385116
k#SSALx,38.14275355407914
k#AM4PCP,17.913118364119693
k#PIuabcpp,65.30663571170322
k#PSD141,9.554197150583096
k#LPLIPAL2E141,70.95511397844912
k#PLIPA1E141pp,16.1306995042012
k#FACOAL141t2pp,8.512819042631593
k#PDH,220.55543127545954
k#PUNP5,25.90274962425706
k#PSSA141,13.67349445713674
k#THRt4pp,65.0
k#2AGPE141tipp,65.00020608349233
k#PGP180abcpp,65.77990977424837
k#APG3PAT141,14.805894196934307
k#D_LACt2pp,66.68279288063358
k#AGPAT141,42.68271762486444
k#LCADi,27.763821661815005
k#PE141abcpp,66.25578058043591
k#CITtex,104.67557308853578
k#URAt2pp,65.0000000000002
k#EAR120y,29.429405442570655
k#NADH5,23.381878359877167
k#PGPP180pp,33.37360071051808
k#PHEtipp,67.06433868158908
k#MN6PP,12.946525398014998
k#L_LACD2,63.61311187500789
k#PACOAT,10.911921483877762
k#ORNDC,36.255575318644695
k#URIK2,11.380334783100075
k#MCITD,22.6865368606216
k#FA80ACPHi,32.20225364494803
k#FACOAE80,0.00541425854537074
k#MICITDr,37.5648144339073
k#NAt3pp,104.07648882501032
k#GSNt2pp,65.00000000000108
k#AHGDx,4.826659674935594
k#SHGO,15.81751877695639
k#XYLI2,58.162808675807824
k#ACt2rpp,72.22345070407705
k#PACCOAL,4.13780525405413
k#GSNt3pp,65.11772865373847
k#LYSDC,112.39655379734135
k#EAR121x,20.450845729937413
k#ACt4pp,83.66667011521756
k#FEENTERabcpp,65.10816956511087
k#FEENTERtonex,66.30108494212847
k#GLYtex,187.85123721208242
k#ABUTt2pp,127.3528639215583
k#AACPS9,0.0029854635202027297
k#MCITS,9.303562819772964
k#CADVtpp,66.48685116409479
k#MCITL2,14.43270372700422
k#OBTFL,21.200599561516388
k#DAPtex,192.11767810687613
k#GLUABUTt7pp,65.12306870217279
k#ASPO6,4.20000000002876
k#HXAtex,77.6106645093892
k#HEXt2rpp,65.00190401599895
k#MN2tipp,65.1090268319553
k#FE3Ri,11.971597698486665
k#PYK6,12.675254970305621
k#FEOXAMR1,7.594062554782253
k#ZN2abcpp,62.52447056471774
k#PAPA161,16.985466274003432
k#NTPP5,13.383889100308092
k#FACOAE60,38.03528014779426
k#URIt2pp_copy1,64.97442062810761
k#URIt2pp_copy2,99.51208166030791
k#ASNNpp,31.666692636869715
k#CDAPPA120,20.774505755832717
k#CYTD,10.59613502474993
k#GLYALDtpp,193.96439727271462
k#GLYALDtex,290.98592392412326
k#ASNt2rpp,65.00127495708236
k#MALS,87.44804828170459
k#AACPS5,6.958955460701228
k#PGPP120,34.04374862886675
k#LPLIPAL2G181,70.50913937981657
k#PG120abcpp,65.45603441254923
k#ADK3,25.829448691127727
k#AACPS7,2.5180766357541358
k#NADPHQR2,134.80461666113354
k#FADt,65.00000056991841
k#2AGPG120tipp,65.00008405840472
k#FUMt2_2pp,65.0
k#DHAtex,95.20729737879978
k#MLTG4,1.0028937287535007
k#FUMt1pp,66.79669535875075
k#URItex,64.92239513260776
k#FADtex,65.25051801339653
k#HCYSMT,5.382451969283749
k#HYXNtex,65.00512908850679
k#APG3PAT120,14.794603836971394
k#ADD,10.20603614327807
k#PLIPA1G120pp,24.796529478743224
k#HYXNtpp,65.00040541751333
k#GLYCLTt4pp,142.28059671985886
k#ZNabcpp,65.0011118617317
k#ARGDC,37.11433863578291
k#HPYRP,14.677630810951685
k#GLYCL,77.55479348629802
k#CPPPGO2,5.404058128207249
k#PROtex,72.26730111091271
k#LPLIPAL2G120,70.95511397844918
k#MLTP2,6.321009935800726
k#ACPPAT120,36.95803007180362
k#FECRMtonex,65.48423316144334
k#CYTDt2pp_copy1,64.97446253529661
k#FECRMabcpp,65.07652718102895
k#DHORD5,0.00407857264841925
k#PLIPA2G181pp,10.991776839761588
k#4PCPpp,12.356212805886473
k#FDH5pp,44.2220960937667
k#LPLIPAL1G181pp,18.40238959736543
k#HXCT,6.8329115145323485
k#TMDK1,16.603910058064812
k#R5PP,11.431856262180299
k#NTD5,99.50762106105275
k#CYTDt2pp_copy2,65.79070582060119
k#ACOAD8f,141.171248093136
k#ACtex,151.95534677653902
k#TYRtex,103.42025129927397
k#TRPtex,84.75103109009758
k#LEUt3pp,65.07559738825277
k#EAR180x,7.429476200713047
k#3HAD180,6.688032789127301
k#NADH16pp,700.2426623528811
k#GLUDC,131.94873067101994
k#TYRt2rpp,65.0
k#3OAR180,7.583943816225924
k#TRPt2rpp,64.99999999999999
k#3OAS180,8.542722637007683
k#LEUt2rpp,65.0
k#MLDCP3App,4.915561551562087
k#CDAPPA161,15.423672880874086
k#THRtex,66.95570447301742
k#MLDEP1pp,5.423328426834252
k#ALCD2x,21.10743362376642
k#MCTP1Bpp,4.963002192414497
k#SUCASPtpp,65.10124249270302
k#G3PD5,36.009654711505
k#HXPRT,7.049647539082506
k#ETOHtex,68.25275007791338
k#FUMtex,177.70654399148432
k#CDAPPA160,14.590599378582246
k#AACPS8,13.01041229852269
k#MACPD,14.799322677270492
k#EAR180y,6.7953899560858435
k#FA100ACPHi,32.2022536372637
k#NTD1,25.534435884887777
k#UGCIAMH,16.79037566053228
k#XAND,11.1166776209792
k#APG3PAT180,9.9256466309423
k#ALLTN,10.617555746485491
k#ALLTAMH2,11.675823493447279
k#UGLYCH,10.811847183873985
k#NADH18pp,260.7949897988916
k#CITt7pp,65.18961074017018
k#VALTA,7.514822014931339
k#NTP5,11.2622474817792
k#NAt3_2pp,162.38966302766076
k#MMM,13.210847705107971
k#CTBTabcpp,65.38726402226126
k#ASPabcpp,65.00103470129542
k#CTBTt2rpp,65.0
k#FEENTERR4,6.104856752070123
k#CYTDK2,10.115853140537324
k#MMCD,10.321954154768031
k#AGM4PA,4.847750348035739
k#ILEt2rpp,65.00000000000004
k#CLPNS140pp,5.238241969682831
k#MLDEP2pp,24.547499511769892
k#CBPS,27.084155574306433
k#PGSA140,8.49247561925108
k#PAPA140pp,16.968868958996808
k#ADNUC,9.510857871953911
k#DASYN140,31.66493530740513
k#PGP140abcpp,64.90527828815837
k#PGPP140pp,33.37321345970781
k#DAGK141,3.1867007197018045
k#CDAPPA140,15.970042579841035
k#PAPA141,16.99316717768104
k#CA2t3pp,65.0002729427633
k#APH181,5.645324868236439
k#2AGPE181tipp,65.00073615985234
k#2AGPEAT181,9.626188145017183
k#PLIPA1E181pp,14.812250100524018
k#MELIBt2pp,65.00722764292468
k#NTPP8,3.7605745384484797
k#FBP,157.8680237453085
k#MELIBt3ipp,41.21789196631596
k#PYDAMK,3.974933031700065
k#TRPtipp,65.00505945782557
k#NI2abcpp,65.00000000009699
k#NTPP1,14.9812265485755
k#PGSA141,5.661650412892231
k#LPLIPAL2G141,69.72340231441869
k#PG141abcpp,65.70226498958273
k#PLIPA1G141pp,8.065349752101824
k#AGMt2pp,9.86792426830639
k#2AGPGAT120,9.432276718277027
k#2AGPG141tipp,65.00024270868425
k#PGPP141,33.37497986150152
k#AGPAT140,43.070053087095275
k#PLIPA1E140pp,10.753799669469181
k#PSSA140,11.171830630384912
k#PG160abcpp,65.0604356172934
k#2AGPG160tipp,65.00008165971578
k#PG140abcpp,65.0
k#2AGPE140tipp,65.00001319889019
k#PLIPA1G160pp,10.75379966946943
k#FACOAL140t2pp,7.9341524145829405
k#PE140abcpp,65.0
k#CRNt2rpp,64.58005626507556
k#THYMtex,72.4897820627635
k#G3PAT140,34.72208027713628
k#2AGPGAT160,8.6895918207777
k#2AGPG140tipp,65.00001319889019
k#FACOAL160t2pp,8.01270094214223
k#LPLIPAL2E160,70.9551139784491
k#LPLIPAL2E181,70.01687038175339
k#CRNt8pp,73.35328280935701
k#LPLIPAL2E140,70.95511397844913
k#PLIPA1G140pp,10.753799669469188
k#2AGPGAT140,4.2783058422302975
k#TMDPP,9.646110290043053
k#2AGPE160tipp,65.00008165971578
k#PSD140,5.779676800334115
k#PLIPA1E160pp,19.218318565191957
k#CRNDt2rpp,64.58005626507556
k#PLIPA1A161pp,10.753799669470592
k#2AGPEAT120,4.404165912204445
k#2AGPE120tipp,65.00011771548488
k#PLIPA1E120pp,10.924789625146694
k#APH161,5.645324868236443
k#FACOAL161t2pp,8.445423537869951
k#2AGPA161tipp,65.0001194731458
k#PLIPA1G161pp,10.753799669469098
k#PA161abcpp,65.07799422137685
k#2AGPG161tipp,65.00015731815877
k#PG161abcpp,65.31411648434738
k#LPLIPAL2A161,78.69203493125306
k#FACOAE120,21.999999999999996
k#2AGPGAT161,6.3648957744049826
k#PAPA180,24.038180744267684
k#DAGK180,3.1867007197018045
k#FACOAE181,22.949386629908293
k#PGPP181,6.482058137883301
k#PTRCtex,65.0501612758696
k#ARGORNt7pp,65.00000014408957
k#PAPA160,17.036574242774446
k#SUCFUMtpp,66.01519057193079
k#PSD180,11.458281925894653
k#ARGt3pp,65.00007789902432
k#DAGK160,3.1867007197018045
k#2AGPE180tipp,65.00016157336262
k#PSSA180,11.146947873528648
k#LPLIPAL2E120,70.9551139784491
k#LPLIPAL2E180,70.95511397851458
k#PE180abcpp,65.36560429487788
k#AGMtex,65.0592389707661
k#PTRCORNt7pp,65.00000014408867
k#PLIPA1E180pp,30.87867032398703
k#PLIPA1A141pp,19.678565786815792
k#RNDR3b,5.886943448105073
k#RNDR3,23.171591779267594
k#FADRx2,16.7144388326034
k#SUCCtex,162.7288079104595
k#2AGPA141tipp,65.00000166371649
k#PA141abcpp,65.00000000000004
k#RNDR1,31.87789325188191
k#ETHAtex,66.37684717304141
k#LPLIPAL2A141,78.6920349312514
k#LCTStpp,65.0049518481331
k#LCTSt3ipp,36.56321199973555
k#NTD10,127.74427406824354
k#PUNP7,19.07437693565759
k#PAPA120,16.968079905046668
k#DAGK120,6.3734014394036
k#NADHPO,106.05929439107683
k#MLTGY4pp,7.353201653569082
k#MPTG2,5.617327814975139
k#PAPA181,16.972913475696796
k#MCTP2App,5.735102162312455
k#MDDCP2pp,4.083224736704661
k#MDDEP4pp,18.46499804887695
k#MDDEP1pp,5.089588346598997
k#G1PP,0.07976744653952453
k#NOVBCNtpp,65.0
k#GLUabcpp,65.0000003621754
k#XTSNH,4.738611024561855
k#ADNK1,0.008
k#PUNP2,13.529845493052798
k#L_LACD3,17.71600930342151
